{"entities":{"fbb04284-0eb0-4569-8f56-b37af27b2dc7":{"enabled":true,"tags":[],"children":["2c9a6761-da91-4457-acec-39b12d854fc8","d5e287db-706b-4641-8eee-0fec635f0b41"],"position":[0,0,0],"rotation":[0,0,0],"scale":[0.01,0.01,0.01],"resource_id":"fbb04284-0eb0-4569-8f56-b37af27b2dc7","name":"RootNode","components":{},"parent":null},"2c9a6761-da91-4457-acec-39b12d854fc8":{"enabled":true,"tags":[],"children":[],"position":[0.0000705719,-0.0000038147,-0.000264645],"rotation":[-90,0,0],"scale":[1,1,1],"resource_id":"2c9a6761-da91-4457-acec-39b12d854fc8","name":"canvas","components":{"render":{"enabled":true,"type":"asset","asset":129782375,"materialAssets":[129782397],"layers":[0],"batchGroupId":null,"castShadows":true,"castShadowsLightmap":true,"receiveShadows":true,"lightmapped":false,"lightmapSizeMultiplier":1,"castShadowsLightMap":true,"lightMapped":false,"lightMapSizeMultiplier":1,"isStatic":false,"rootBone":null}},"parent":"fbb04284-0eb0-4569-8f56-b37af27b2dc7"},"d5e287db-706b-4641-8eee-0fec635f0b41":{"enabled":true,"tags":[],"children":[],"position":[0.0000705719,-0.0000038147,-0.000264645],"rotation":[-90,0,0],"scale":[1,1,1],"resource_id":"d5e287db-706b-4641-8eee-0fec635f0b41","name":"play","components":{"render":{"enabled":true,"type":"asset","asset":129782392,"materialAssets":[129782402],"layers":[0],"batchGroupId":null,"castShadows":true,"castShadowsLightmap":true,"receiveShadows":true,"lightmapped":false,"lightmapSizeMultiplier":1,"castShadowsLightMap":true,"lightMapped":false,"lightMapSizeMultiplier":1,"isStatic":false,"rootBone":null}},"parent":"fbb04284-0eb0-4569-8f56-b37af27b2dc7"}}}