{"name":"Main","created":"2016-12-20T17:04:45.661Z","settings":{"physics":{"gravity":[0,-9.8,0]},"render":{"fog_end":1000,"tonemapping":3,"skybox":129782427,"fog_density":0.01,"gamma_correction":1,"exposure":1,"fog_start":1,"global_ambient":[1,1,1],"skyboxIntensity":4.5,"fog_color":[0,0,0],"lightmapMode":1,"fog":"none","lightmapMaxResolution":2048,"skyboxMip":4,"lightmapSizeMultiplier":16,"skyboxRotation":[0,0,0],"lightmapFilterEnabled":false,"lightmapFilterRange":10,"lightmapFilterSmoothness":0.2,"ambientBake":false,"ambientBakeNumSamples":1,"ambientBakeSpherePart":0.4,"ambientBakeOcclusionBrightness":0,"ambientBakeOcclusionContrast":0,"clusteredLightingEnabled":true,"lightingCells":[10,3,10],"lightingMaxLightsPerCell":255,"lightingCookieAtlasResolution":2048,"lightingShadowAtlasResolution":2048,"lightingShadowType":0,"lightingCookiesEnabled":false,"lightingAreaLightsEnabled":false,"lightingShadowsEnabled":true}},"entities":{"684df6b4-c6d6-11e6-89b2-22000ac481df":{"position":[0,0,0],"scale":[1,1,1],"name":"Root","parent":null,"resource_id":"684df6b4-c6d6-11e6-89b2-22000ac481df","components":{},"rotation":[0,0,0],"enabled":true,"children":["e07f08a6-1ac6-4cf9-9c16-4868f84a0e4d","684dfa60-c6d6-11e6-89b2-22000ac481df","11200ff9-bff5-4d42-9e49-56d61fe1f1fa"],"tags":[]},"e07f08a6-1ac6-4cf9-9c16-4868f84a0e4d":{"name":"Camera","tags":[],"enabled":true,"resource_id":"e07f08a6-1ac6-4cf9-9c16-4868f84a0e4d","parent":"684df6b4-c6d6-11e6-89b2-22000ac481df","children":[],"position":[-4.015725071925224,0.9763250350952148,1.127036452293396],"rotation":[-24.597787857055664,-58.00005340576172,3.298182491562329e-7],"scale":[1,1,1],"components":{"script":{"enabled":true,"order":["orbitCamera","touchInput","mouseInput","keyboardInput"],"scripts":{"orbitCamera":{"enabled":true,"attributes":{"distanceMin":0,"distanceMax":0,"pitchAngleMin":-90,"pitchAngleMax":90,"focusEntity":"11200ff9-bff5-4d42-9e49-56d61fe1f1fa","frameOnStart":true,"inertiaFactor":0.05,"autoRender":false,"useMultiFrame":false}},"touchInput":{"enabled":true,"attributes":{"orbitSensitivity":0.4,"distanceSensitivity":0.2}},"mouseInput":{"enabled":true,"attributes":{"orbitSensitivity":0.3,"distanceSensitivity":0.18}},"keyboardInput":{"enabled":true,"attributes":{}}}},"camera":{"enabled":true,"clearColorBuffer":true,"clearColor":[0.2235294117647059,0.40784313725490196,0.592156862745098,1],"clearDepthBuffer":true,"projection":0,"fov":45,"frustumCulling":true,"orthoHeight":4,"nearClip":0.1,"farClip":1000,"priority":1,"rect":[0,0,1,1],"layers":[0,1,2,3,4]}}},"684dfa60-c6d6-11e6-89b2-22000ac481df":{"position":[0,1,0],"scale":[1,1,1],"name":"Light","parent":"684df6b4-c6d6-11e6-89b2-22000ac481df","resource_id":"684dfa60-c6d6-11e6-89b2-22000ac481df","components":{"light":{"castShadows":true,"shadowDistance":16,"vsmBlurSize":5,"shadowUpdateMode":2,"normalOffsetBias":0.05,"color":[1,1,1],"falloffMode":0,"shadowResolution":1024,"outerConeAngle":45,"enabled":true,"range":8,"affectDynamic":true,"intensity":1,"affectLightmapped":false,"vsmBlurMode":0,"innerConeAngle":40,"shadowBias":0.2,"bake":false,"type":"directional","shadowType":2,"vsmBias":0.01,"isStatic":false,"bakeDir":true,"cookieAsset":null,"cookieIntensity":1,"cookieFalloff":true,"cookieChannel":"rgb","cookieAngle":0,"cookieScale":[1,1],"cookieOffset":[0,0],"layers":[0],"shape":0,"numCascades":1,"cascadeDistribution":0.5}},"rotation":[-111.36270141601562,-71.05379486083984,-169.38919067382812],"enabled":false,"children":[],"tags":[]},"11200ff9-bff5-4d42-9e49-56d61fe1f1fa":{"name":"Model","tags":[],"enabled":true,"resource_id":"11200ff9-bff5-4d42-9e49-56d61fe1f1fa","parent":"684df6b4-c6d6-11e6-89b2-22000ac481df","children":["26cb626c-6827-4bd6-b8cf-2c687a36e6ca"],"position":[0,0,-13.56115375108099],"rotation":[0,0,0],"scale":[0.1,0.1,0.1],"components":{}},"26cb626c-6827-4bd6-b8cf-2c687a36e6ca":{"enabled":true,"tags":[],"children":["f8bc3dda-2eb0-4296-9571-a58e753313b0"],"position":[0,-0.000016775,-3.7248e-21],"rotation":[-90,0,0],"scale":[0.584493,0.584493,0.584493],"resource_id":"26cb626c-6827-4bd6-b8cf-2c687a36e6ca","name":"oldsmobile_cutlass_supreme_sedan_71","components":{},"parent":"11200ff9-bff5-4d42-9e49-56d61fe1f1fa","template_ent_ids":{"26cb626c-6827-4bd6-b8cf-2c687a36e6ca":"16c0e61e-7acc-48d3-9918-f3cfecc446d2","f8bc3dda-2eb0-4296-9571-a58e753313b0":"92154341-f908-46f3-a0dd-0d894defe829","80a4e2c3-bf14-4513-8ed7-68302e716aa2":"fd4a9209-19e5-48c0-a840-5b22eeb169ec","e3ac867e-bfc8-4c7e-a8ed-7b27bed02e2e":"946a523b-a472-42bb-a8c5-1b19c3cffb5f","83bfab73-2d90-4368-bcb6-b52da9106542":"ecb1e3b3-d635-4d9e-9d4d-3c4eb5e0955d","a48aac92-8936-4a5f-8b10-d6b8dd6ef323":"0a192b62-39b0-42a8-bee7-2c39400db82b","74a5f082-d87e-487e-a647-1aa742c6a4f2":"a3256d52-f1c9-432a-a601-7ab584e3f516","1ba42e80-69dc-4281-8e4d-b2c3d03be2f0":"e1dd3f05-3d0e-467d-a6aa-a0eb97c14984","f88ff500-2ba2-4eeb-9351-003eb2d7116f":"d427de66-afa7-4989-84fc-34630817cf59","561ab9a4-f29a-4d05-8d63-c793de0b5813":"9dae0e73-6354-4dca-a367-0566f44d2aa2","a6dcaed3-5776-48d3-9e52-1dcb8d93088c":"cf214c18-803d-4e95-ad7a-91ec053af477","8b7608e8-616e-4489-a1ee-00a38e3cf41d":"234bbf52-73fd-4f76-8cc0-9450abaedcf4","5f626154-780a-4fa8-9e89-301570bc2795":"51dd7cac-1469-48f1-9927-85e8c17461a4","87886e05-7735-4944-a47f-764a877e1a93":"dbf551b3-d0db-48c4-83c1-93b3bc49b098","7f34e0f0-7190-4657-a680-334d3d15859a":"57dab202-22f7-47c4-873c-8ddd9f14b60f","8beef20a-fe4f-4d7f-9b30-7fb43e33b943":"6a84cf98-f7ea-46ab-abbf-51fbb426fe6c","305b9bb7-fb06-4d84-baed-d42a8c6cf246":"dc94d022-46ab-4503-ad6b-e8651302b523","ca41dbdd-4830-4123-80db-13b497bdc271":"31c24252-5f71-47bc-8ea8-9cbd39a892b2","4a15a049-aebe-4509-b20d-9f942690ff44":"1c24de19-0eeb-4a54-ac60-fdc3fe40791e","4b38b3d5-2a97-4e81-bc7d-4f418f411f4f":"6a35289c-634c-4a85-b49f-d83e29ce77f1","70e58555-ddb8-4413-bd26-a99f4dd697d5":"caee17fe-689b-4812-acb7-9f2389131608","160eb47f-ec3e-4fb3-919a-1443ef41fe09":"edbc5090-3267-473c-b5ec-c967eaa5c442","9b5afb77-876f-42e4-9800-afc48b37412b":"e8ac4633-7769-4b27-a2dd-64a2f7944677","1debf4f2-e0c2-490f-bd0a-35e9a7cf7b58":"7e7eb562-865e-495e-85c3-85c7c66e16f8","2e043f01-46f1-4270-9d91-dc4ea682b344":"f861f5f9-5579-429b-8166-54781c06587d","d6c66be8-d6ea-41bd-8bba-e8703a1fd13a":"54f3a6d8-6b60-40d5-81c7-efbe1650f27f","9896cb5d-57c6-4181-b618-d806989ff7b6":"a5165d8b-77ef-45e3-b2ed-0d4f39ad8a47","bebcf486-85f6-47c9-bc9b-b3dcdaa9c348":"25d09b84-dcc3-41fc-bba8-22469f5981cf","6d924a60-3b4a-4063-a5e7-5ec3203a0a0c":"bcfe65d7-a23f-4035-b604-499b0f6cd7ad","2adab54a-b17e-416f-8808-6eca844c2410":"fe0f3eb9-1a45-4ebd-aa15-59b62301cf97","b26192dc-6cae-495c-afd6-24b6550871d0":"9b6eb0e1-3ea4-4f3c-8184-94fdf43db98b","cfcb94e9-3683-4450-9b75-00892189ac9c":"23f3ef7e-cbe0-4ac5-8a09-140da6d89b38","181226a1-eafe-48fd-a17d-f847f2643faf":"2f3f8a7b-37e6-437c-a461-7f923687529b","f96197c5-1f44-4a50-879a-a7792c37626a":"ef915889-18ec-4571-92e5-0541910165a5","ac019343-22ff-441a-9998-f224bc57f466":"56b41a6f-46ff-45cd-965f-70ea0a419012","1b50d2d5-cdd1-4688-8340-360345869f81":"1c3874d2-db42-45d5-9f0c-419435693080","af67ed84-33b7-41b3-a5b6-68c8fadcde49":"f5421243-f8f6-433d-bd8d-ffccc96cf04c","80995670-42b7-4413-badc-35974a22cad6":"ef8cff0a-75ac-4746-a4e0-cf651e296b66","4d2e659e-9e02-4c92-a430-78265129b199":"4bd5214f-b25b-4566-914e-cfbc014b2f19","9f1373f2-6898-4110-8fa5-ed5d4e020383":"f753a83f-007a-46b7-9c85-383109c90c51","15743a1d-441a-4e5d-ad56-245192c21188":"3e6bcdf5-7c90-4fde-9042-6d678224d452","c3fed885-817a-41c6-9999-6bfa55f063de":"0c5f8bec-0c9f-4d54-af15-a4d62a377045","8f3d3a14-a57c-4fb1-864d-ba70891e86c1":"8a45a689-7e97-4e1d-9051-7fc3ea46fa8e","679fd9ae-b6ed-48fa-bad9-2cc5be9f26fc":"426c91bd-f16a-4241-b373-4286ae90c445","ad0f09c4-9570-4cce-8f04-e5e1ee1724b4":"e8fdc3ba-3268-494f-be08-be1da19f662c","46bf7d43-d7a1-4f30-85d6-cdb542d66ac9":"ff2a3a94-39ae-4389-b45f-acb907c34ab9","124f4fba-d5aa-40d2-8923-50fc5f137647":"c25c3844-f3b5-4859-8db3-6cba4ea2d120","bf021531-b75a-4809-b07d-0b76e5cede52":"8d5db61d-f52b-45ff-ac8a-2c23bb3d02ad"},"template_id":129782367},"f8bc3dda-2eb0-4296-9571-a58e753313b0":{"enabled":true,"tags":[],"children":["80a4e2c3-bf14-4513-8ed7-68302e716aa2"],"position":[0,0,0],"rotation":[90,0,0],"scale":[1,1,1],"resource_id":"f8bc3dda-2eb0-4296-9571-a58e753313b0","name":"d464560361b749b4ba7bb7d9c23b1386.fbx","components":{},"parent":"26cb626c-6827-4bd6-b8cf-2c687a36e6ca"},"80a4e2c3-bf14-4513-8ed7-68302e716aa2":{"enabled":true,"tags":[],"children":["e3ac867e-bfc8-4c7e-a8ed-7b27bed02e2e","74a5f082-d87e-487e-a647-1aa742c6a4f2","f88ff500-2ba2-4eeb-9351-003eb2d7116f","a6dcaed3-5776-48d3-9e52-1dcb8d93088c","87886e05-7735-4944-a47f-764a877e1a93","305b9bb7-fb06-4d84-baed-d42a8c6cf246","4a15a049-aebe-4509-b20d-9f942690ff44","70e58555-ddb8-4413-bd26-a99f4dd697d5","9b5afb77-876f-42e4-9800-afc48b37412b","2e043f01-46f1-4270-9d91-dc4ea682b344","9896cb5d-57c6-4181-b618-d806989ff7b6","6d924a60-3b4a-4063-a5e7-5ec3203a0a0c","b26192dc-6cae-495c-afd6-24b6550871d0","181226a1-eafe-48fd-a17d-f847f2643faf","ac019343-22ff-441a-9998-f224bc57f466","af67ed84-33b7-41b3-a5b6-68c8fadcde49","4d2e659e-9e02-4c92-a430-78265129b199","15743a1d-441a-4e5d-ad56-245192c21188","8f3d3a14-a57c-4fb1-864d-ba70891e86c1","ad0f09c4-9570-4cce-8f04-e5e1ee1724b4","124f4fba-d5aa-40d2-8923-50fc5f137647"],"position":[0,0,0],"rotation":[0,0,0],"scale":[1,1,1],"resource_id":"80a4e2c3-bf14-4513-8ed7-68302e716aa2","name":"RootNode","components":{},"parent":"f8bc3dda-2eb0-4296-9571-a58e753313b0"},"e3ac867e-bfc8-4c7e-a8ed-7b27bed02e2e":{"enabled":true,"tags":[],"children":["83bfab73-2d90-4368-bcb6-b52da9106542","a48aac92-8936-4a5f-8b10-d6b8dd6ef323"],"position":[0,-0.474181,0],"rotation":[-90,0,0],"scale":[100,100,100],"resource_id":"e3ac867e-bfc8-4c7e-a8ed-7b27bed02e2e","name":"chrome","components":{},"parent":"80a4e2c3-bf14-4513-8ed7-68302e716aa2"},"83bfab73-2d90-4368-bcb6-b52da9106542":{"enabled":true,"tags":[],"children":[],"position":[0,0,0],"rotation":[0,0,0],"scale":[1,1,1],"resource_id":"83bfab73-2d90-4368-bcb6-b52da9106542","name":"chrome_M_Chrome_0","components":{"render":{"enabled":true,"type":"asset","asset":129782343,"materialAssets":[129782317],"layers":[0],"batchGroupId":null,"castShadows":true,"castShadowsLightmap":true,"receiveShadows":true,"lightmapped":false,"lightmapSizeMultiplier":1,"castShadowsLightMap":true,"lightMapped":false,"lightMapSizeMultiplier":1,"isStatic":false,"rootBone":null}},"parent":"e3ac867e-bfc8-4c7e-a8ed-7b27bed02e2e"},"a48aac92-8936-4a5f-8b10-d6b8dd6ef323":{"enabled":true,"tags":[],"children":[],"position":[0,0,0],"rotation":[0,0,0],"scale":[1,1,1],"resource_id":"a48aac92-8936-4a5f-8b10-d6b8dd6ef323","name":"chrome_M_Black_0","components":{"render":{"enabled":true,"type":"asset","asset":129782344,"materialAssets":[129782316],"layers":[0],"batchGroupId":null,"castShadows":true,"castShadowsLightmap":true,"receiveShadows":true,"lightmapped":false,"lightmapSizeMultiplier":1,"castShadowsLightMap":true,"lightMapped":false,"lightMapSizeMultiplier":1,"isStatic":false,"rootBone":null}},"parent":"e3ac867e-bfc8-4c7e-a8ed-7b27bed02e2e"},"74a5f082-d87e-487e-a647-1aa742c6a4f2":{"enabled":true,"tags":[],"children":["1ba42e80-69dc-4281-8e4d-b2c3d03be2f0"],"position":[0,-0.00000149012,0.0000119209],"rotation":[-90,0,0],"scale":[100,100,100],"resource_id":"74a5f082-d87e-487e-a647-1aa742c6a4f2","name":"rear-view","components":{},"parent":"80a4e2c3-bf14-4513-8ed7-68302e716aa2"},"1ba42e80-69dc-4281-8e4d-b2c3d03be2f0":{"enabled":true,"tags":[],"children":[],"position":[0,0,0],"rotation":[0,0,0],"scale":[1,1,1],"resource_id":"1ba42e80-69dc-4281-8e4d-b2c3d03be2f0","name":"rear-view_M_Chrome_0","components":{"render":{"enabled":true,"type":"asset","asset":129782345,"materialAssets":[129782317],"layers":[0],"batchGroupId":null,"castShadows":true,"castShadowsLightmap":true,"receiveShadows":true,"lightmapped":false,"lightmapSizeMultiplier":1,"castShadowsLightMap":true,"lightMapped":false,"lightMapSizeMultiplier":1,"isStatic":false,"rootBone":null}},"parent":"74a5f082-d87e-487e-a647-1aa742c6a4f2"},"f88ff500-2ba2-4eeb-9351-003eb2d7116f":{"enabled":true,"tags":[],"children":["561ab9a4-f29a-4d05-8d63-c793de0b5813"],"position":[-0.00000596046,7.45058e-7,0.0000238419],"rotation":[90,-90,0],"scale":[-4.28316,-4.28316,-4.28316],"resource_id":"f88ff500-2ba2-4eeb-9351-003eb2d7116f","name":"door_handle","components":{},"parent":"80a4e2c3-bf14-4513-8ed7-68302e716aa2"},"561ab9a4-f29a-4d05-8d63-c793de0b5813":{"enabled":true,"tags":[],"children":[],"position":[0,0,0],"rotation":[0,0,0],"scale":[1,1,1],"resource_id":"561ab9a4-f29a-4d05-8d63-c793de0b5813","name":"door_handle_M_Chrome_0","components":{"render":{"enabled":true,"type":"asset","asset":129782346,"materialAssets":[129782317],"layers":[0],"batchGroupId":null,"castShadows":true,"castShadowsLightmap":true,"receiveShadows":true,"lightmapped":false,"lightmapSizeMultiplier":1,"castShadowsLightMap":true,"lightMapped":false,"lightMapSizeMultiplier":1,"isStatic":false,"rootBone":null}},"parent":"f88ff500-2ba2-4eeb-9351-003eb2d7116f"},"a6dcaed3-5776-48d3-9e52-1dcb8d93088c":{"enabled":true,"tags":[],"children":["8b7608e8-616e-4489-a1ee-00a38e3cf41d","5f626154-780a-4fa8-9e89-301570bc2795"],"position":[0,0,0],"rotation":[-90,0,0],"scale":[100,100,100],"resource_id":"a6dcaed3-5776-48d3-9e52-1dcb8d93088c","name":"body","components":{},"parent":"80a4e2c3-bf14-4513-8ed7-68302e716aa2"},"8b7608e8-616e-4489-a1ee-00a38e3cf41d":{"enabled":true,"tags":[],"children":[],"position":[0,0,0],"rotation":[0,0,0],"scale":[1,1,1],"resource_id":"8b7608e8-616e-4489-a1ee-00a38e3cf41d","name":"body_M_Paint_0","components":{"render":{"enabled":true,"type":"asset","asset":129782347,"materialAssets":[129782335],"layers":[0],"batchGroupId":null,"castShadows":true,"castShadowsLightmap":true,"receiveShadows":true,"lightmapped":false,"lightmapSizeMultiplier":1,"castShadowsLightMap":true,"lightMapped":false,"lightMapSizeMultiplier":1,"isStatic":false,"rootBone":null}},"parent":"a6dcaed3-5776-48d3-9e52-1dcb8d93088c"},"5f626154-780a-4fa8-9e89-301570bc2795":{"enabled":true,"tags":[],"children":[],"position":[0,0,0],"rotation":[0,0,0],"scale":[1,1,1],"resource_id":"5f626154-780a-4fa8-9e89-301570bc2795","name":"body_M_Black_0","components":{"render":{"enabled":true,"type":"asset","asset":129782348,"materialAssets":[129782316],"layers":[0],"batchGroupId":null,"castShadows":true,"castShadowsLightmap":true,"receiveShadows":true,"lightmapped":false,"lightmapSizeMultiplier":1,"castShadowsLightMap":true,"lightMapped":false,"lightMapSizeMultiplier":1,"isStatic":false,"rootBone":null}},"parent":"a6dcaed3-5776-48d3-9e52-1dcb8d93088c"},"87886e05-7735-4944-a47f-764a877e1a93":{"enabled":true,"tags":[],"children":["7f34e0f0-7190-4657-a680-334d3d15859a","8beef20a-fe4f-4d7f-9b30-7fb43e33b943"],"position":[0,0,0],"rotation":[-90,0,0],"scale":[100,100,100],"resource_id":"87886e05-7735-4944-a47f-764a877e1a93","name":"trim2","components":{},"parent":"80a4e2c3-bf14-4513-8ed7-68302e716aa2"},"7f34e0f0-7190-4657-a680-334d3d15859a":{"enabled":true,"tags":[],"children":[],"position":[0,0,0],"rotation":[0,0,0],"scale":[1,1,1],"resource_id":"7f34e0f0-7190-4657-a680-334d3d15859a","name":"trim2_M_Badge_0","components":{"render":{"enabled":true,"type":"asset","asset":129782349,"materialAssets":[129782339],"layers":[0],"batchGroupId":null,"castShadows":true,"castShadowsLightmap":true,"receiveShadows":true,"lightmapped":false,"lightmapSizeMultiplier":1,"castShadowsLightMap":true,"lightMapped":false,"lightMapSizeMultiplier":1,"isStatic":false,"rootBone":null}},"parent":"87886e05-7735-4944-a47f-764a877e1a93"},"8beef20a-fe4f-4d7f-9b30-7fb43e33b943":{"enabled":true,"tags":[],"children":[],"position":[0,0,0],"rotation":[0,0,0],"scale":[1,1,1],"resource_id":"8beef20a-fe4f-4d7f-9b30-7fb43e33b943","name":"trim2_M_Lights_0","components":{"render":{"enabled":true,"type":"asset","asset":129782350,"materialAssets":[129782334],"layers":[0],"batchGroupId":null,"castShadows":true,"castShadowsLightmap":true,"receiveShadows":true,"lightmapped":false,"lightmapSizeMultiplier":1,"castShadowsLightMap":true,"lightMapped":false,"lightMapSizeMultiplier":1,"isStatic":false,"rootBone":null}},"parent":"87886e05-7735-4944-a47f-764a877e1a93"},"305b9bb7-fb06-4d84-baed-d42a8c6cf246":{"enabled":true,"tags":[],"children":["ca41dbdd-4830-4123-80db-13b497bdc271"],"position":[0,0,0],"rotation":[-90,0,0],"scale":[100,100,100],"resource_id":"305b9bb7-fb06-4d84-baed-d42a8c6cf246","name":"badges 2","components":{},"parent":"80a4e2c3-bf14-4513-8ed7-68302e716aa2"},"ca41dbdd-4830-4123-80db-13b497bdc271":{"enabled":true,"tags":[],"children":[],"position":[0,0,0],"rotation":[0,0,0],"scale":[1,1,1],"resource_id":"ca41dbdd-4830-4123-80db-13b497bdc271","name":"badges 2_M_Badge_0","components":{"render":{"enabled":true,"type":"asset","asset":129782351,"materialAssets":[129782339],"layers":[0],"batchGroupId":null,"castShadows":true,"castShadowsLightmap":true,"receiveShadows":true,"lightmapped":false,"lightmapSizeMultiplier":1,"castShadowsLightMap":true,"lightMapped":false,"lightMapSizeMultiplier":1,"isStatic":false,"rootBone":null}},"parent":"305b9bb7-fb06-4d84-baed-d42a8c6cf246"},"4a15a049-aebe-4509-b20d-9f942690ff44":{"enabled":true,"tags":[],"children":["4b38b3d5-2a97-4e81-bc7d-4f418f411f4f"],"position":[0,0,0],"rotation":[-90,0,0],"scale":[100,100,100],"resource_id":"4a15a049-aebe-4509-b20d-9f942690ff44","name":"badges","components":{},"parent":"80a4e2c3-bf14-4513-8ed7-68302e716aa2"},"4b38b3d5-2a97-4e81-bc7d-4f418f411f4f":{"enabled":true,"tags":[],"children":[],"position":[0,0,0],"rotation":[0,0,0],"scale":[1,1,1],"resource_id":"4b38b3d5-2a97-4e81-bc7d-4f418f411f4f","name":"badges_M_Badge_0","components":{"render":{"enabled":true,"type":"asset","asset":129782353,"materialAssets":[129782339],"layers":[0],"batchGroupId":null,"castShadows":true,"castShadowsLightmap":true,"receiveShadows":true,"lightmapped":false,"lightmapSizeMultiplier":1,"castShadowsLightMap":true,"lightMapped":false,"lightMapSizeMultiplier":1,"isStatic":false,"rootBone":null}},"parent":"4a15a049-aebe-4509-b20d-9f942690ff44"},"70e58555-ddb8-4413-bd26-a99f4dd697d5":{"enabled":true,"tags":[],"children":["160eb47f-ec3e-4fb3-919a-1443ef41fe09"],"position":[-0.00000596046,-33.7072,80.729],"rotation":[0.00000933467,0,0],"scale":[3.01235,3.01235,3.01235],"resource_id":"70e58555-ddb8-4413-bd26-a99f4dd697d5","name":"Circle.002","components":{},"parent":"80a4e2c3-bf14-4513-8ed7-68302e716aa2"},"160eb47f-ec3e-4fb3-919a-1443ef41fe09":{"enabled":true,"tags":[],"children":[],"position":[0,0,0],"rotation":[0,0,0],"scale":[1,1,1],"resource_id":"160eb47f-ec3e-4fb3-919a-1443ef41fe09","name":"Circle.002_M_Badge_0","components":{"render":{"enabled":true,"type":"asset","asset":129782352,"materialAssets":[129782339],"layers":[0],"batchGroupId":null,"castShadows":true,"castShadowsLightmap":true,"receiveShadows":true,"lightmapped":false,"lightmapSizeMultiplier":1,"castShadowsLightMap":true,"lightMapped":false,"lightMapSizeMultiplier":1,"isStatic":false,"rootBone":null}},"parent":"70e58555-ddb8-4413-bd26-a99f4dd697d5"},"9b5afb77-876f-42e4-9800-afc48b37412b":{"enabled":true,"tags":[],"children":["1debf4f2-e0c2-490f-bd0a-35e9a7cf7b58"],"position":[0,0,0],"rotation":[-90,0,0],"scale":[100,100,100],"resource_id":"9b5afb77-876f-42e4-9800-afc48b37412b","name":"lights-glass","components":{},"parent":"80a4e2c3-bf14-4513-8ed7-68302e716aa2"},"1debf4f2-e0c2-490f-bd0a-35e9a7cf7b58":{"enabled":true,"tags":[],"children":[],"position":[0,0,0],"rotation":[0,0,0],"scale":[1,1,1],"resource_id":"1debf4f2-e0c2-490f-bd0a-35e9a7cf7b58","name":"lights-glass_M_Lights_0","components":{"render":{"enabled":true,"type":"asset","asset":129782354,"materialAssets":[129782334],"layers":[0],"batchGroupId":null,"castShadows":true,"castShadowsLightmap":true,"receiveShadows":true,"lightmapped":false,"lightmapSizeMultiplier":1,"castShadowsLightMap":true,"lightMapped":false,"lightMapSizeMultiplier":1,"isStatic":false,"rootBone":null}},"parent":"9b5afb77-876f-42e4-9800-afc48b37412b"},"2e043f01-46f1-4270-9d91-dc4ea682b344":{"enabled":true,"tags":[],"children":["d6c66be8-d6ea-41bd-8bba-e8703a1fd13a"],"position":[0,0,0],"rotation":[-90,0,0],"scale":[100,100,100],"resource_id":"2e043f01-46f1-4270-9d91-dc4ea682b344","name":"trim","components":{},"parent":"80a4e2c3-bf14-4513-8ed7-68302e716aa2"},"d6c66be8-d6ea-41bd-8bba-e8703a1fd13a":{"enabled":true,"tags":[],"children":[],"position":[0,0,0],"rotation":[0,0,0],"scale":[1,1,1],"resource_id":"d6c66be8-d6ea-41bd-8bba-e8703a1fd13a","name":"trim_M_Badge_0","components":{"render":{"enabled":true,"type":"asset","asset":129782356,"materialAssets":[129782339],"layers":[0],"batchGroupId":null,"castShadows":true,"castShadowsLightmap":true,"receiveShadows":true,"lightmapped":false,"lightmapSizeMultiplier":1,"castShadowsLightMap":true,"lightMapped":false,"lightMapSizeMultiplier":1,"isStatic":false,"rootBone":null}},"parent":"2e043f01-46f1-4270-9d91-dc4ea682b344"},"9896cb5d-57c6-4181-b618-d806989ff7b6":{"enabled":true,"tags":[],"children":["bebcf486-85f6-47c9-bc9b-b3dcdaa9c348"],"position":[0,0,0],"rotation":[-90,0,0],"scale":[100,100,100],"resource_id":"9896cb5d-57c6-4181-b618-d806989ff7b6","name":"glass","components":{},"parent":"80a4e2c3-bf14-4513-8ed7-68302e716aa2"},"bebcf486-85f6-47c9-bc9b-b3dcdaa9c348":{"enabled":true,"tags":[],"children":[],"position":[0,0,0],"rotation":[0,0,0],"scale":[1,1,1],"resource_id":"bebcf486-85f6-47c9-bc9b-b3dcdaa9c348","name":"glass_M_Glass_0","components":{"render":{"enabled":true,"type":"asset","asset":129782357,"materialAssets":[129782318],"layers":[0],"batchGroupId":null,"castShadows":true,"castShadowsLightmap":true,"receiveShadows":true,"lightmapped":false,"lightmapSizeMultiplier":1,"castShadowsLightMap":true,"lightMapped":false,"lightMapSizeMultiplier":1,"isStatic":false,"rootBone":null}},"parent":"9896cb5d-57c6-4181-b618-d806989ff7b6"},"6d924a60-3b4a-4063-a5e7-5ec3203a0a0c":{"enabled":true,"tags":[],"children":["2adab54a-b17e-416f-8808-6eca844c2410"],"position":[0,0.259718,0],"rotation":[-90,0,0],"scale":[100,100,100],"resource_id":"6d924a60-3b4a-4063-a5e7-5ec3203a0a0c","name":"black2","components":{},"parent":"80a4e2c3-bf14-4513-8ed7-68302e716aa2"},"2adab54a-b17e-416f-8808-6eca844c2410":{"enabled":true,"tags":[],"children":[],"position":[0,0,0],"rotation":[0,0,0],"scale":[1,1,1],"resource_id":"2adab54a-b17e-416f-8808-6eca844c2410","name":"black2_M_Black_0","components":{"render":{"enabled":true,"type":"asset","asset":129782355,"materialAssets":[129782316],"layers":[0],"batchGroupId":null,"castShadows":true,"castShadowsLightmap":true,"receiveShadows":true,"lightmapped":false,"lightmapSizeMultiplier":1,"castShadowsLightMap":true,"lightMapped":false,"lightMapSizeMultiplier":1,"isStatic":false,"rootBone":null}},"parent":"6d924a60-3b4a-4063-a5e7-5ec3203a0a0c"},"b26192dc-6cae-495c-afd6-24b6550871d0":{"enabled":true,"tags":[],"children":["cfcb94e9-3683-4450-9b75-00892189ac9c"],"position":[0,0,0],"rotation":[-90,0,0],"scale":[100,100,100],"resource_id":"b26192dc-6cae-495c-afd6-24b6550871d0","name":"black","components":{},"parent":"80a4e2c3-bf14-4513-8ed7-68302e716aa2"},"cfcb94e9-3683-4450-9b75-00892189ac9c":{"enabled":true,"tags":[],"children":[],"position":[0,0,0],"rotation":[0,0,0],"scale":[1,1,1],"resource_id":"cfcb94e9-3683-4450-9b75-00892189ac9c","name":"black_M_Black_0","components":{"render":{"enabled":true,"type":"asset","asset":129782358,"materialAssets":[129782316],"layers":[0],"batchGroupId":null,"castShadows":true,"castShadowsLightmap":true,"receiveShadows":true,"lightmapped":false,"lightmapSizeMultiplier":1,"castShadowsLightMap":true,"lightMapped":false,"lightMapSizeMultiplier":1,"isStatic":false,"rootBone":null}},"parent":"b26192dc-6cae-495c-afd6-24b6550871d0"},"181226a1-eafe-48fd-a17d-f847f2643faf":{"enabled":true,"tags":[],"children":["f96197c5-1f44-4a50-879a-a7792c37626a"],"position":[0,0,0],"rotation":[-90,0,0],"scale":[100,100,100],"resource_id":"181226a1-eafe-48fd-a17d-f847f2643faf","name":"glass2","components":{},"parent":"80a4e2c3-bf14-4513-8ed7-68302e716aa2"},"f96197c5-1f44-4a50-879a-a7792c37626a":{"enabled":true,"tags":[],"children":[],"position":[0,0,0],"rotation":[0,0,0],"scale":[1,1,1],"resource_id":"f96197c5-1f44-4a50-879a-a7792c37626a","name":"glass2_M_Glass_0","components":{"render":{"enabled":true,"type":"asset","asset":129782359,"materialAssets":[129782318],"layers":[0],"batchGroupId":null,"castShadows":true,"castShadowsLightmap":true,"receiveShadows":true,"lightmapped":false,"lightmapSizeMultiplier":1,"castShadowsLightMap":true,"lightMapped":false,"lightMapSizeMultiplier":1,"isStatic":false,"rootBone":null}},"parent":"181226a1-eafe-48fd-a17d-f847f2643faf"},"ac019343-22ff-441a-9998-f224bc57f466":{"enabled":true,"tags":[],"children":["1b50d2d5-cdd1-4688-8340-360345869f81"],"position":[0,0,0],"rotation":[-90,0,0],"scale":[100,100,100],"resource_id":"ac019343-22ff-441a-9998-f224bc57f466","name":"wheels","components":{},"parent":"80a4e2c3-bf14-4513-8ed7-68302e716aa2"},"1b50d2d5-cdd1-4688-8340-360345869f81":{"enabled":true,"tags":[],"children":[],"position":[0,0,0],"rotation":[0,0,0],"scale":[1,1,1],"resource_id":"1b50d2d5-cdd1-4688-8340-360345869f81","name":"wheels_M_Wheel_0","components":{"render":{"enabled":true,"type":"asset","asset":129782360,"materialAssets":[129782320],"layers":[0],"batchGroupId":null,"castShadows":true,"castShadowsLightmap":true,"receiveShadows":true,"lightmapped":false,"lightmapSizeMultiplier":1,"castShadowsLightMap":true,"lightMapped":false,"lightMapSizeMultiplier":1,"isStatic":false,"rootBone":null}},"parent":"ac019343-22ff-441a-9998-f224bc57f466"},"af67ed84-33b7-41b3-a5b6-68c8fadcde49":{"enabled":true,"tags":[],"children":["80995670-42b7-4413-badc-35974a22cad6"],"position":[-1.30984,2.02698,405.289],"rotation":[0.00000933467,0,0],"scale":[3.04948,3.04948,3.04948],"resource_id":"af67ed84-33b7-41b3-a5b6-68c8fadcde49","name":"badge3","components":{},"parent":"80a4e2c3-bf14-4513-8ed7-68302e716aa2"},"80995670-42b7-4413-badc-35974a22cad6":{"enabled":true,"tags":[],"children":[],"position":[0,0,0],"rotation":[0,0,0],"scale":[1,1,1],"resource_id":"80995670-42b7-4413-badc-35974a22cad6","name":"badge3_M_Badge_0","components":{"render":{"enabled":true,"type":"asset","asset":129782363,"materialAssets":[129782339],"layers":[0],"batchGroupId":null,"castShadows":true,"castShadowsLightmap":true,"receiveShadows":true,"lightmapped":false,"lightmapSizeMultiplier":1,"castShadowsLightMap":true,"lightMapped":false,"lightMapSizeMultiplier":1,"isStatic":false,"rootBone":null}},"parent":"af67ed84-33b7-41b3-a5b6-68c8fadcde49"},"4d2e659e-9e02-4c92-a430-78265129b199":{"enabled":true,"tags":[],"children":["9f1373f2-6898-4110-8fa5-ed5d4e020383"],"position":[0,-0.474181,0],"rotation":[-90,0,0],"scale":[100,100,100],"resource_id":"4d2e659e-9e02-4c92-a430-78265129b199","name":"lights","components":{},"parent":"80a4e2c3-bf14-4513-8ed7-68302e716aa2"},"9f1373f2-6898-4110-8fa5-ed5d4e020383":{"enabled":true,"tags":[],"children":[],"position":[0,0,0],"rotation":[0,0,0],"scale":[1,1,1],"resource_id":"9f1373f2-6898-4110-8fa5-ed5d4e020383","name":"lights_M_Lights_0","components":{"render":{"enabled":true,"type":"asset","asset":129782361,"materialAssets":[129782334],"layers":[0],"batchGroupId":null,"castShadows":true,"castShadowsLightmap":true,"receiveShadows":true,"lightmapped":false,"lightmapSizeMultiplier":1,"castShadowsLightMap":true,"lightMapped":false,"lightMapSizeMultiplier":1,"isStatic":false,"rootBone":null}},"parent":"4d2e659e-9e02-4c92-a430-78265129b199"},"15743a1d-441a-4e5d-ad56-245192c21188":{"enabled":true,"tags":[],"children":["c3fed885-817a-41c6-9999-6bfa55f063de"],"position":[-0.0000953674,-59.609,209.041],"rotation":[-90,0,0],"scale":[238.584,238.584,238.584],"resource_id":"15743a1d-441a-4e5d-ad56-245192c21188","name":"ground","components":{},"parent":"80a4e2c3-bf14-4513-8ed7-68302e716aa2"},"c3fed885-817a-41c6-9999-6bfa55f063de":{"enabled":true,"tags":[],"children":[],"position":[0,0,0],"rotation":[0,0,0],"scale":[1,1,1],"resource_id":"c3fed885-817a-41c6-9999-6bfa55f063de","name":"ground_M_Dome_0","components":{"render":{"enabled":true,"type":"asset","asset":129782362,"materialAssets":[129782342],"layers":[0],"batchGroupId":null,"castShadows":true,"castShadowsLightmap":true,"receiveShadows":true,"lightmapped":false,"lightmapSizeMultiplier":1,"castShadowsLightMap":true,"lightMapped":false,"lightMapSizeMultiplier":1,"isStatic":false,"rootBone":null}},"parent":"15743a1d-441a-4e5d-ad56-245192c21188"},"8f3d3a14-a57c-4fb1-864d-ba70891e86c1":{"enabled":true,"tags":[],"children":["679fd9ae-b6ed-48fa-bad9-2cc5be9f26fc"],"position":[0,0,0],"rotation":[-180,-0.00000865142,-180],"scale":[100,100,100],"resource_id":"8f3d3a14-a57c-4fb1-864d-ba70891e86c1","name":"screws","components":{},"parent":"80a4e2c3-bf14-4513-8ed7-68302e716aa2"},"679fd9ae-b6ed-48fa-bad9-2cc5be9f26fc":{"enabled":true,"tags":[],"children":[],"position":[0,0,0],"rotation":[0,0,0],"scale":[1,1,1],"resource_id":"679fd9ae-b6ed-48fa-bad9-2cc5be9f26fc","name":"screws_M_Badge_0","components":{"render":{"enabled":true,"type":"asset","asset":129782364,"materialAssets":[129782339],"layers":[0],"batchGroupId":null,"castShadows":true,"castShadowsLightmap":true,"receiveShadows":true,"lightmapped":false,"lightmapSizeMultiplier":1,"castShadowsLightMap":true,"lightMapped":false,"lightMapSizeMultiplier":1,"isStatic":false,"rootBone":null}},"parent":"8f3d3a14-a57c-4fb1-864d-ba70891e86c1"},"ad0f09c4-9570-4cce-8f04-e5e1ee1724b4":{"enabled":true,"tags":[],"children":["46bf7d43-d7a1-4f30-85d6-cdb542d66ac9"],"position":[0,0,0],"rotation":[-90,0,0],"scale":[100,100,100],"resource_id":"ad0f09c4-9570-4cce-8f04-e5e1ee1724b4","name":"plate-holder","components":{},"parent":"80a4e2c3-bf14-4513-8ed7-68302e716aa2"},"46bf7d43-d7a1-4f30-85d6-cdb542d66ac9":{"enabled":true,"tags":[],"children":[],"position":[0,0,0],"rotation":[0,0,0],"scale":[1,1,1],"resource_id":"46bf7d43-d7a1-4f30-85d6-cdb542d66ac9","name":"plate-holder_M_Badge_0","components":{"render":{"enabled":true,"type":"asset","asset":129782365,"materialAssets":[129782339],"layers":[0],"batchGroupId":null,"castShadows":true,"castShadowsLightmap":true,"receiveShadows":true,"lightmapped":false,"lightmapSizeMultiplier":1,"castShadowsLightMap":true,"lightMapped":false,"lightMapSizeMultiplier":1,"isStatic":false,"rootBone":null}},"parent":"ad0f09c4-9570-4cce-8f04-e5e1ee1724b4"},"124f4fba-d5aa-40d2-8923-50fc5f137647":{"enabled":true,"tags":[],"children":["bf021531-b75a-4809-b07d-0b76e5cede52"],"position":[0,0,0],"rotation":[-90,0,0],"scale":[100,100,100],"resource_id":"124f4fba-d5aa-40d2-8923-50fc5f137647","name":"plate","components":{},"parent":"80a4e2c3-bf14-4513-8ed7-68302e716aa2"},"bf021531-b75a-4809-b07d-0b76e5cede52":{"enabled":true,"tags":[],"children":[],"position":[0,0,0],"rotation":[0,0,0],"scale":[1,1,1],"resource_id":"bf021531-b75a-4809-b07d-0b76e5cede52","name":"plate_M_License_0","components":{"render":{"enabled":true,"type":"asset","asset":129782366,"materialAssets":[129782336],"layers":[0],"batchGroupId":null,"castShadows":true,"castShadowsLightmap":true,"receiveShadows":true,"lightmapped":false,"lightmapSizeMultiplier":1,"castShadowsLightMap":true,"lightMapped":false,"lightMapSizeMultiplier":1,"isStatic":false,"rootBone":null}},"parent":"124f4fba-d5aa-40d2-8923-50fc5f137647"}},"checkpoint_id":"f7a10f5c-06a7-416b-b9a2-6e9f0cbf36fb","branch_id":"cf49783a-c302-4b9b-8130-f2314018eb80","id":1721785}